DISTRICT,VDC/MUNICIPALITY,WOOD,KEROSENE,LPG,GUITHA,BIOGAS,OTHERS,ELECTRICITY,NOT_STATED,TAP_PIPED,TUBEWELL,COVERED_WELL,UNCOVERED_WELL,SPOUT_WATER,RIVER_STREAM,OTHERS,NOT_STATED,MUD_BONDED,CEMENT_BONDED,RCC_WITH_PILLAR,WOODEN_PILLAR,OTHERS,NOT_STATED,NO_FACILITY,AT_LEAST_ONE,RADIO,TELEVISION,CABLE_TELEVISION,COMPUTER,INTERNET,TELEPHONE,MOBILE_PHONE,MOTOR,MOTORCYCLE,CYCLE,OTHER_VEHICLE,REFRIGERATOR,NOT_STATED,HOUSEHOLD,TOTAL_POPULATION,MALE_POPULATION,FEMALE_POPULATION,AVERAGE_HOUSEHOLD_SIZE,SEX_RATIO,ELECTRICITY,KEROSENE,BIOGAS,SOLAR,OTHERS,NOT_STATED,MUD_BONDED,CEMENT_BONDED,WOOD_PLANKS,BAMBOO,UNBACKED_BRICK,OTHERS,NOT_STATED,OWNED,RENTED,INSTITUTIONAL,OTHERS,MALE_POPULATION_5_25,FEMALE_POPULATION_5_25,SCHOOL_GOING_MALE,SCHOOL_GOING_FEMALE,NOT_GOING_MALE,NOT_GOING_FEMALE,ATTENDENCE_NOT_STATED_MALE,ATTENDENCE_NOT_STATED_FEMALE,NO_DISABILITY_BOTH_SEX,NO_DISABILITY_MALE,NO_DISABILITY_FEMALE,PHYSICAL_BOTH_SEX,PHYSICAL_MALE,PHYSICAL_FEMALE,BLINDNESS_LOW_VISION_BOTH_SEX,BLINDNESS_LOW_VISION_MALE,BLINDNESS_LOW_VISION_FEMALE,DEAF_HEARING_BOTH_SEX,DEAF_HEARING_MALE,DEAF_HEARING_FEMALE,DEAF_BLIND_BOTH_SEX,DEAF_BLIND_MALE,DEAF_BLIND_FEMALE,SPEECH_PROBLEM_BOTH_SEX,SPEECH_PROBLEM_MALE,SPEECH_PROBLEM_FEMALE,MENTAL_DISABILITY_BOTH_SEX,MENTAL_DISABILITY_MALE,MENTAL_DISABILITY_FEMALE,INTELLECTUAL_DISABILITY_BOTH_SEX,INTELLECTUAL_DISABILITY_MALE,INTELLECTUAL_DISABILITY_FEMALE,MULTIPLE_DISABILITY_BOTH_SEX,MULTIPLE_DISABILITY_MALE,MULTIPLE_DISABILITY_FEMALE,BEGINNER_BOTH_SEX,BEGINNER_MALE,BEGINNER_FEMALE,PRIMARY_1_5_BOTH_SEX,PRIMARY_1_5_MALE,PRIMARY_1_5_FEMALE,LOWER_SECONDARY_6_8_BOTH_SEX,LOWER_SECONDARY_6_8_MALE,LOWER_SECONDARY_6_8_FEMALE,SECONDARY_9_10_BOTH_SEX,SECONDARY_9_10_MALE,SECONDARY_9_10_FEMALE,SLC_AND_EQUIVALENT_BOTH_SEX,SLC_AND_EQUIVALENT_MALE,SLC_AND_EQUIVALENT_FEMALE,INTERMEDIATE_BOTH_SEX,INTERMEDIATE_MALE,INTERMEDIATE_FEMALE,GRADUATE_BOTH_SEX,GRADUATE_MALE,GRADUATE_FEMALE,POST_GRADUATE_AND_ABOVE_BOTH_SEX,POST_GRADUATE_AND_ABOVE_MALE,POST_GRADUATE_AND_ABOVE_FEMALE,OTHERS_BOTH_SEX,OTHERS_MALE,OTHERS_FEMALE,NON_FORMAL_BOTH_SEX,NON_FORMAL_MALE,NON_FORMAL_FEMALE,NOT_STATED_BOTH_SEX,NOT_STATED_MALE,NOT_STATED_FEMALE,POPULATION_5_AND_ABOVE_BOTH_SEX,POPULATION_5_AND_ABOVE_MALE,POPULATION_5_AND_ABOVE_FEMALE,CAN_READ_WRITE_BOTH_SEX,CAN_READ_WRITE_MALE,CAN_READ_WRITE_FEMALE,CAN_READ_ONLY_BOTH_SEX,CAN_READ_ONLY_MALE,CAN_READ_ONLY_FEMALE,CANT_READ_WRITE_BOTH_SEX,CANT_READ_WRITE_MALE,CANT_READ_WRITE_FEMALE,NOT_STATED_BOTH_SEX,NOT_STATED_MALE,NOT_STATED_FEMALE,LITERACY_RATE_BOTH_SEX,LITERACY_RATE_MALE,LITERACY_RATE_FEMALE,THATCH,GALV_IRON,TILE_SLATE,RCC,WOOD_PLANKS,MUD,OTHERS,NOT_STATED,NO_TOILET,FLUSH_TOILET,ORDINARY_TOILET,NOT_STATED
PYUTHAN,ARKHA,891,0,0,0,1,0,0,8,836,0,0,48,8,1,0,7,885,2,0,4,0,9,287,602,564,8,0,2,0,2,274,0,0,1,0,0,11,900,5651,2581,3070,6.278888888888889,84.07166123778501,118,51,1,113,609,8,878,6,5,2,0,0,9,896,2,1,1,1268,1484,913,781,353,698,2,5,5638,2574,3064,1,1,0,1,0,1,5,3,2,0,0,0,0,0,0,4,1,3,0,0,0,2,2,0,322,186,136,1582,912,670,300,193,107,96,74,22,50,39,11,13,10,3,6,5,1,2,2,0,4,4,0,298,97,201,0,0,0,4823,2179,2644,2520,1435,1085,40,20,20,2263,724,1539,0,0,0,52.249637155297535,65.8558972005507,41.036308623298034,503,17,370,0,0,0,0,10,102,257,533,8
PYUTHAN,BADIKOT,1110,12,6,5,2,0,0,5,1060,0,1,15,55,3,1,5,1128,4,2,0,0,6,229,863,763,100,24,4,0,2,497,0,3,1,0,3,48,1140,5362,2288,3074,4.703508771929824,74.43070917371503,541,425,6,163,0,5,1118,12,4,0,0,0,6,1131,8,1,0,1092,1392,942,1024,146,361,4,7,5277,2240,3037,42,29,13,7,4,3,9,4,5,1,1,0,7,2,5,11,3,8,7,5,2,1,0,1,173,98,75,1668,813,855,714,339,375,264,119,145,208,98,110,73,36,37,18,12,6,2,2,0,6,3,3,164,80,84,13,4,9,4648,1930,2718,3220,1556,1664,47,23,24,1381,351,1030,0,0,0,69.27710843373494,80.62176165803109,61.2214863870493,299,97,734,5,0,0,0,5,435,552,148,5
PYUTHAN,BANGESAL,1242,0,48,0,24,1,2,3,485,155,25,369,95,188,0,3,785,38,38,453,3,3,153,1113,946,132,138,19,11,22,906,5,33,74,2,35,54,1320,6607,2959,3648,5.00530303030303,81.11293859649122,607,138,2,41,529,3,678,206,424,7,1,0,4,1239,58,2,21,1363,1677,1101,1088,260,570,2,19,6427,2869,3558,75,45,30,19,7,12,35,16,19,1,1,0,17,9,8,19,7,12,2,0,2,12,5,7,328,180,148,2122,1087,1035,756,373,383,229,129,100,216,121,95,132,73,59,23,19,4,5,5,0,6,2,4,367,78,289,0,0,0,5770,2515,3255,3990,1956,2034,53,24,29,1727,535,1192,0,0,0,69.15077989601387,77.77335984095427,62.48847926267281,716,257,278,58,7,0,0,4,320,301,696,3
PYUTHAN,BARAULA,876,0,2,0,5,0,0,0,514,0,4,60,282,23,0,0,849,32,0,2,0,0,207,674,518,119,109,7,1,8,525,0,2,1,0,1,2,883,4205,1767,2438,4.762174405436014,72.47744052502051,548,113,4,16,202,0,849,32,1,1,0,0,0,862,16,3,2,811,1114,675,787,127,292,9,35,4103,1711,2392,34,23,11,26,11,15,23,13,10,0,0,0,8,6,2,9,2,7,0,0,0,2,1,1,151,59,92,1481,705,776,455,215,240,161,86,75,147,65,82,51,29,22,20,16,4,6,6,0,2,1,1,194,79,115,15,6,9,3661,1527,2134,2618,1240,1378,27,10,17,1016,277,739,0,0,0,71.51051625239006,81.20497707924034,64.57357075913777,574,222,81,4,1,0,0,1,124,301,458,0
PYUTHAN,BARJIWANG,595,0,0,0,1,0,0,0,577,0,7,4,6,2,0,0,581,0,1,12,0,2,95,497,408,83,106,5,9,3,402,1,4,2,0,3,4,596,2423,978,1445,4.065436241610739,67.68166089965398,525,46,0,0,25,0,575,2,2,15,0,0,2,586,3,0,7,486,627,428,405,51,184,7,38,2383,956,1427,14,6,8,3,0,3,12,9,3,0,0,0,5,3,2,1,0,1,3,2,1,2,2,0,124,68,56,777,357,420,277,127,150,79,39,40,69,41,28,31,23,8,8,7,1,3,3,0,7,3,4,71,26,45,5,2,3,2107,821,1286,1400,673,727,21,7,14,686,141,545,0,0,0,66.44518272425249,81.97320341047502,56.53188180404355,156,286,148,2,0,0,2,2,409,103,84,0
PYUTHAN,BELWAS,1279,5,12,2,13,0,0,7,1091,50,0,77,50,35,11,4,1250,20,7,1,30,10,232,1085,878,156,127,6,2,8,928,0,7,16,0,4,1,1318,5748,2323,3425,4.361153262518968,67.82481751824817,821,282,3,96,109,7,1187,81,3,7,2,26,12,1307,8,2,1,1130,1582,884,1026,202,443,44,113,5681,2291,3390,15,7,8,10,4,6,10,6,4,0,0,0,9,4,5,4,2,2,4,2,2,15,7,8,196,107,89,1881,859,1022,601,254,347,192,103,89,150,86,64,55,36,19,23,18,5,8,8,0,3,1,2,242,64,178,35,14,21,4969,1928,3041,3281,1495,1786,120,60,60,1564,372,1192,4,1,3,66.02938216945059,77.54149377593362,58.73068069713911,677,467,155,9,0,0,0,10,883,319,109,7
PYUTHAN,BHINGRI,1167,2,101,0,10,2,12,7,998,1,10,16,234,29,10,3,1157,23,92,22,1,6,115,1130,819,241,252,36,24,8,1013,20,47,51,1,36,56,1301,5389,2240,3149,4.142198308993082,71.13369323594792,1088,66,1,15,124,7,999,269,1,25,0,1,6,1182,97,7,15,1070,1362,881,946,176,385,13,31,5244,2166,3078,58,33,25,15,4,11,17,10,7,0,0,0,19,7,12,8,4,4,3,1,2,25,15,10,185,102,83,1707,811,896,678,292,386,235,112,123,191,97,94,142,78,64,43,34,9,15,12,3,1,0,1,353,118,235,7,5,2,4715,1902,2813,3486,1620,1866,66,35,31,1157,245,912,6,2,4,73.93425238600211,85.17350157728707,66.3348738002133,577,580,42,96,0,0,0,6,534,501,259,7
PYUTHAN,BIJAYA NAGAR,847,3,60,0,26,0,0,1,823,8,1,11,76,17,0,1,868,17,44,7,0,1,99,790,676,80,171,21,6,9,647,4,16,15,1,8,48,937,3993,1706,2287,4.2614727854855925,74.59554000874508,712,220,1,0,4,0,859,70,1,6,0,0,1,891,39,3,4,778,965,666,646,103,305,9,14,3882,1657,2225,67,26,41,4,2,2,15,6,9,1,1,0,7,3,4,7,3,4,8,6,2,2,2,0,190,101,89,1170,580,590,463,221,242,208,104,104,243,120,123,97,54,43,21,18,3,6,5,1,3,1,2,274,77,197,3,1,2,3514,1448,2066,2625,1257,1368,74,30,44,814,161,653,1,0,1,74.7011952191235,86.80939226519338,66.21490803484996,236,333,311,54,0,0,0,3,490,344,102,1
PYUTHAN,BIJUBAR,1206,16,487,1,115,7,7,12,1414,86,12,30,207,83,7,12,1342,153,326,16,0,14,244,1536,1096,134,675,122,46,158,1381,16,146,111,6,68,71,1851,7351,3376,3975,3.971366828741221,84.93081761006289,1574,249,5,2,9,12,1349,468,2,17,1,0,14,1433,344,45,29,1397,1521,1126,1099,245,388,26,34,7178,3276,3902,72,47,25,16,7,9,25,15,10,5,2,3,28,17,11,11,7,4,6,2,4,10,3,7,268,146,122,2105,999,1106,881,444,437,511,284,227,683,361,322,431,226,205,152,113,39,42,35,7,4,2,2,115,25,90,13,6,7,6596,2982,3614,5076,2570,2506,126,75,51,1394,337,1057,0,0,0,76.95573074590662,86.18376928236083,69.34144991698949,299,660,451,422,3,0,1,15,367,1173,299,12
PYUTHAN,BIJULI,908,0,2,0,13,0,0,0,644,4,24,115,118,17,1,0,909,0,3,11,0,0,138,777,637,100,99,5,1,4,700,1,13,6,0,2,8,923,3975,1675,2300,4.306608884073673,72.82608695652173,780,107,0,0,36,0,904,14,1,4,0,0,0,901,4,1,17,768,1020,700,757,67,252,1,11,3816,1596,2220,45,26,19,27,18,9,32,11,21,0,0,0,14,5,9,13,6,7,2,1,1,26,12,14,199,112,87,1226,566,660,552,221,331,223,116,107,221,93,128,45,29,16,8,7,1,2,2,0,3,3,0,197,85,112,1,1,0,3509,1419,2090,2488,1133,1355,30,16,14,991,270,721,0,0,0,70.90339127956683,79.84496124031007,64.83253588516746,384,284,252,3,0,0,0,0,398,333,192,0
PYUTHAN,CHUJA,1228,1,1,0,2,0,0,0,713,1,75,142,135,101,65,0,1225,1,0,5,0,1,271,949,820,38,51,4,3,2,665,0,6,0,0,1,12,1232,5813,2475,3338,4.7183441558441555,74.14619532654284,400,490,0,121,221,0,1225,2,0,2,0,0,3,1211,8,0,13,1181,1603,1022,1102,154,484,5,17,5527,2327,3200,131,74,57,36,20,16,54,22,32,3,2,1,25,13,12,17,9,8,9,5,4,11,3,8,215,112,103,2043,994,1049,665,273,392,233,112,121,195,117,78,74,43,31,19,19,0,8,5,3,0,0,0,183,66,117,3,0,3,5071,2090,2981,3377,1615,1762,103,34,69,1591,441,1150,0,0,0,66.5943600867679,77.27272727272727,59.107681985910766,616,218,395,1,0,0,1,1,329,705,198,0
PYUTHAN,DAKHAKWADI,1305,2,86,4,34,0,0,3,1012,44,17,90,247,20,1,3,1308,18,91,12,1,4,246,1158,986,150,326,34,9,23,952,4,30,64,2,30,30,1434,6077,2514,3563,4.237796373779638,70.55851810272242,1247,179,1,2,2,3,1170,110,2,14,133,1,4,1378,46,0,10,1176,1538,1021,1086,150,437,5,15,5913,2420,3493,99,52,47,5,0,5,15,10,5,1,1,0,15,11,4,21,16,5,0,0,0,8,4,4,208,111,97,1847,867,980,846,368,478,413,217,196,337,168,169,160,82,78,39,29,10,9,8,1,2,0,2,164,66,98,2,1,1,5477,2201,3276,3929,1866,2063,151,62,89,1397,273,1124,0,0,0,71.73635201752785,84.77964561562926,62.97313797313797,292,673,353,109,0,0,2,5,449,672,310,3
PYUTHAN,DAMRI,878,3,0,1,0,0,0,0,539,0,1,262,58,22,0,0,846,0,0,25,1,10,336,443,432,1,0,0,0,16,59,0,0,1,0,0,103,882,4757,2166,2591,5.393424036281179,83.59706676958703,4,381,2,95,400,0,832,4,8,28,0,0,10,869,11,0,2,982,1292,687,608,291,679,4,5,4621,2094,2527,53,32,21,15,5,10,37,17,20,4,3,1,10,4,6,8,7,1,3,1,2,6,3,3,158,74,84,1229,716,513,188,120,68,46,27,19,27,20,7,20,14,6,1,1,0,1,1,0,0,0,0,157,59,98,2,1,1,4027,1782,2245,1780,1007,773,92,34,58,2155,741,1414,0,0,0,44.201638937174074,56.50953984287318,34.43207126948775,107,4,760,0,0,0,0,11,378,183,321,0
PYUTHAN,DANGWANG,835,1,1,0,0,0,0,1,535,1,22,60,183,36,0,1,754,3,0,80,0,1,131,667,627,56,11,1,0,4,435,0,1,0,0,0,40,838,4534,2080,2454,5.4105011933174225,84.75957620211899,435,321,0,11,70,1,826,6,4,1,0,0,1,824,10,2,2,983,1195,794,864,177,314,12,17,4461,2032,2429,38,27,11,13,8,5,8,5,3,0,0,0,7,4,3,2,1,1,1,1,0,4,2,2,318,169,149,1626,872,754,463,208,255,153,82,71,123,66,57,21,12,9,10,8,2,1,1,0,0,0,0,110,36,74,4,3,1,3906,1762,2144,2699,1388,1311,160,71,89,1034,300,734,13,3,10,69.09882232462877,78.77412031782066,61.14738805970149,732,101,4,0,0,0,0,1,84,245,508,1
PYUTHAN,DHARAMPANI,697,4,6,0,0,0,0,3,616,3,11,17,58,2,0,3,696,3,8,0,0,3,56,611,469,97,105,7,3,0,548,0,4,1,0,2,43,710,3083,1268,1815,4.342253521126761,69.86225895316804,559,131,7,0,10,3,689,14,2,2,0,0,3,696,12,2,0,610,769,543,546,63,216,4,7,3070,1264,1806,1,1,0,2,1,1,8,0,8,0,0,0,1,1,0,1,1,0,0,0,0,0,0,0,97,53,44,1000,455,545,398,182,216,168,68,100,153,68,85,62,36,26,16,12,4,9,8,1,0,0,0,55,23,32,11,4,7,2710,1093,1617,1907,871,1036,53,21,32,750,201,549,0,0,0,70.3690036900369,79.6889295516926,64.06926406926407,237,236,226,7,0,0,0,4,15,500,192,3
PYUTHAN,DHARMAWATI,993,5,81,0,36,0,0,17,1035,1,1,10,51,16,1,17,952,114,33,5,0,28,130,933,810,101,282,39,13,63,778,6,38,23,1,20,69,1132,4883,2234,2649,4.313604240282685,84.33371083427708,884,222,3,0,6,17,946,154,2,1,0,0,29,1031,96,3,2,980,1097,799,755,171,333,10,9,4720,2153,2567,64,30,34,13,3,10,25,11,14,0,0,0,24,13,11,12,7,5,16,9,7,9,8,1,206,127,79,1430,667,763,723,378,345,347,193,154,317,158,159,183,101,82,34,25,9,28,22,6,0,0,0,191,71,120,23,11,12,4388,1977,2411,3405,1702,1703,33,15,18,950,260,690,0,0,0,77.59799453053783,86.0900354071826,70.63459145582746,333,386,245,136,0,0,1,31,88,515,512,17
PYUTHAN,DHOBAGHAT (UDAYAPUR KOT),598,1,2,0,0,0,0,3,547,1,1,4,21,28,0,2,589,0,2,10,0,3,120,484,400,8,0,1,1,1,372,0,0,0,0,0,0,604,3155,1364,1791,5.223509933774834,76.15857063093245,216,88,1,28,268,3,586,1,5,4,1,4,3,596,6,0,2,647,906,491,536,134,328,22,42,3074,1333,1741,28,15,13,14,6,8,10,2,8,7,2,5,13,5,8,5,1,4,1,0,1,3,0,3,151,71,80,989,496,493,212,113,99,62,32,30,36,24,12,5,4,1,8,5,3,0,0,0,0,0,0,178,73,105,4,2,2,2638,1099,1539,1561,780,781,119,52,67,958,267,691,0,0,0,59.17361637604246,70.97361237488626,50.747238466536714,467,126,5,1,0,0,2,3,58,241,302,3
PYUTHAN,DHUWANG,691,1,2,0,13,0,0,1,524,1,0,124,15,34,9,1,698,2,4,2,0,2,112,538,459,64,99,1,1,2,438,0,2,5,0,7,58,708,3623,1580,2043,5.117231638418079,77.33724914341654,504,72,3,3,125,1,695,9,0,2,0,0,2,699,5,0,4,806,979,648,645,153,324,5,10,3598,1564,2034,4,2,2,3,2,1,7,4,3,0,0,0,1,1,0,7,4,3,2,2,0,1,1,0,190,87,103,1313,689,624,470,219,251,118,81,37,93,38,55,26,13,13,7,7,0,0,0,0,1,1,0,158,42,116,7,3,4,3155,1338,1817,2310,1147,1163,48,18,30,797,173,624,0,0,0,73.21711568938193,85.72496263079222,64.00660429279031,393,245,64,4,0,0,0,2,376,216,115,1
PYUTHAN,DUNGEGADI,743,0,14,0,4,1,0,1,490,1,1,59,137,74,0,1,664,8,8,75,1,7,125,603,514,68,41,4,6,7,439,4,10,4,0,0,35,763,4264,1892,2372,5.588466579292267,79.76391231028668,316,90,2,65,289,1,682,34,20,18,1,1,7,734,21,3,5,972,1226,797,777,162,395,13,54,4171,1846,2325,33,16,17,13,7,6,14,5,9,5,3,2,15,8,7,5,2,3,1,1,0,7,4,3,161,85,76,1457,732,725,427,226,201,153,87,66,53,29,24,43,26,17,15,12,3,1,0,1,0,0,0,434,117,317,3,2,1,3753,1626,2127,2664,1269,1395,64,35,29,1022,321,701,3,1,2,70.9832134292566,78.04428044280442,65.58533145275035,531,153,62,10,0,0,0,7,268,247,247,1
PYUTHAN,GOTHIWANG,1175,1,11,0,2,1,0,0,938,0,4,81,33,133,1,0,1137,13,27,5,0,8,275,890,780,168,127,7,4,3,613,3,14,28,1,0,25,1190,5460,2228,3232,4.588235294117647,68.93564356435643,677,93,1,28,391,0,1133,41,4,3,0,0,9,1169,17,1,3,1128,1550,938,981,178,543,12,26,5351,2167,3184,43,29,14,6,4,2,17,10,7,2,1,1,16,9,7,8,3,5,5,1,4,12,4,8,288,146,142,1796,824,972,551,248,303,171,93,78,90,51,39,53,33,20,14,13,1,3,1,2,0,0,0,277,92,185,10,5,5,4682,1851,2831,3117,1437,1680,137,56,81,1426,358,1068,2,0,2,66.57411362665528,77.63371150729336,59.342988343341574,532,462,160,29,0,0,0,7,456,150,584,0
PYUTHAN,HANSAPUR,723,0,1,0,0,0,0,0,325,1,3,246,48,2,99,0,622,3,0,98,0,1,122,595,544,23,1,2,2,10,402,1,2,2,0,1,7,724,3970,1763,2207,5.483425414364641,79.88219302220209,195,70,1,100,358,0,667,7,35,14,0,0,1,697,16,2,9,836,1090,687,742,146,339,3,9,3883,1718,2165,13,6,7,10,3,7,26,11,15,0,0,0,7,5,2,12,9,3,2,2,0,17,9,8,139,80,59,1451,751,700,443,211,232,99,59,40,87,54,33,30,19,11,8,6,2,1,1,0,3,3,0,200,67,133,7,3,4,3417,1480,1937,2376,1202,1174,46,19,27,995,259,736,0,0,0,69.53467954345918,81.21621621621622,60.609189468249866,527,110,85,1,0,0,0,1,123,170,431,0
PYUTHAN,JUMRIKANDA,887,6,2,2,0,0,0,1,755,1,8,11,53,24,46,0,856,1,10,31,0,0,247,601,586,6,3,3,0,2,222,0,4,2,0,0,50,898,4301,1889,2412,4.789532293986637,78.3167495854063,100,557,1,29,210,1,849,12,4,32,0,1,0,888,5,1,4,901,1177,652,659,247,512,2,6,4269,1871,2398,6,5,1,3,1,2,3,1,2,1,1,0,11,4,7,6,4,2,0,0,0,2,2,0,147,76,71,1251,644,607,266,154,112,69,39,30,49,34,15,15,12,3,5,3,2,0,0,0,2,2,0,101,31,70,6,2,4,3670,1558,2112,1828,957,871,24,13,11,1818,588,1230,0,0,0,49.809264305177116,61.42490372272144,41.240530303030305,579,57,250,10,0,0,0,2,172,519,206,1
PYUTHAN,KHAIRA,891,3,9,1,6,0,0,4,683,1,3,220,3,0,0,4,892,12,5,2,0,3,139,750,614,93,223,20,3,7,621,1,21,6,1,5,25,914,4087,1685,2402,4.471553610503283,70.14987510407992,752,155,0,0,3,4,877,29,3,2,0,0,3,894,14,0,6,796,1071,684,763,99,300,13,8,3964,1613,2351,43,29,14,4,3,1,34,16,18,0,0,0,12,7,5,13,7,6,4,2,2,13,8,5,148,74,74,1354,592,762,620,291,329,242,127,115,194,107,87,106,50,56,31,23,8,9,8,1,5,2,3,185,36,149,12,5,7,3642,1470,2172,2885,1304,1581,40,16,24,717,150,567,0,0,0,79.21471718835804,88.70748299319729,72.79005524861878,315,371,204,20,1,0,0,3,174,567,169,4
PYUTHAN,KHAWANG,1141,0,0,0,4,0,0,2,766,1,6,272,35,62,3,2,1114,2,0,28,1,2,377,706,667,12,0,0,0,8,193,0,0,1,0,0,64,1147,5977,2672,3305,5.210985178727114,80.84720121028745,9,160,2,254,720,2,1108,2,21,14,0,0,2,1114,19,2,12,1248,1554,947,896,223,476,78,182,5750,2519,3231,92,63,29,30,19,11,44,27,17,2,1,1,26,18,8,15,12,3,6,3,3,12,10,2,463,230,233,1626,888,738,409,231,178,103,69,34,136,92,44,36,26,10,6,5,1,0,0,0,2,1,1,290,118,172,7,4,3,5068,2227,2841,2641,1441,1200,358,145,213,2066,639,1427,3,2,1,52.1112865035517,64.70588235294117,42.23864836325237,184,11,948,1,0,0,0,3,186,542,417,2
PYUTHAN,KHUNG,685,2,13,0,0,0,3,3,638,0,0,2,63,0,0,3,656,1,40,7,0,2,147,547,502,3,19,2,0,0,365,0,2,0,1,0,12,706,3256,1483,1773,4.611898016997167,83.64354201917654,49,163,0,215,276,3,661,25,6,10,0,1,3,609,89,1,7,712,833,614,630,83,166,15,37,3089,1399,1690,73,37,36,7,0,7,31,11,20,0,0,0,16,12,4,6,4,2,12,8,4,22,12,10,192,108,84,1004,514,490,427,209,218,169,82,87,171,97,74,51,27,24,13,12,1,3,3,0,1,0,1,182,58,124,1,0,1,2844,1271,1573,2083,1038,1045,82,39,43,679,194,485,0,0,0,73.24191279887482,81.66797797010229,66.43356643356644,243,57,363,40,0,0,0,3,17,329,357,3
PYUTHAN,KOCHIWANG,648,0,0,2,0,0,0,5,493,0,3,107,12,20,16,4,596,4,0,49,1,5,211,436,370,0,0,0,4,1,288,0,0,0,0,0,8,655,3439,1475,1964,5.250381679389313,75.10183299389001,1,68,0,115,466,5,608,4,5,21,0,12,5,637,3,9,6,684,993,508,554,126,327,50,112,3359,1442,1917,36,15,21,15,4,11,14,7,7,0,0,0,5,5,0,3,0,3,2,1,1,5,1,4,238,117,121,1019,493,526,183,103,80,70,54,16,20,16,4,19,14,5,5,5,0,0,0,0,1,0,1,238,101,137,2,0,2,2897,1212,1685,1629,816,813,72,36,36,1192,358,834,4,2,2,56.23058336209872,67.32673267326733,48.24925816023739,607,40,1,2,0,0,0,5,36,328,287,4
PYUTHAN,LIGHA,578,1,0,0,2,0,0,7,364,1,1,88,10,117,0,7,528,1,1,51,1,6,197,372,364,2,0,0,0,0,138,0,0,0,0,0,19,588,3545,1646,1899,6.02891156462585,86.67719852553975,0,148,1,39,393,7,521,0,4,57,0,0,6,581,5,0,2,820,930,493,372,325,556,2,2,3402,1571,1831,75,39,36,14,3,11,22,16,6,2,2,0,8,4,4,2,1,1,0,0,0,20,10,10,101,47,54,857,529,328,125,96,29,41,23,18,19,13,6,10,7,3,7,6,1,0,0,0,0,0,0,228,121,107,0,0,0,3073,1406,1667,1311,803,508,116,61,55,1646,542,1104,0,0,0,42.66189391474129,57.112375533428164,30.47390521895621,217,6,359,0,0,0,0,6,0,221,360,7
PYUTHAN,LIWANG,922,3,0,5,0,0,0,3,844,1,0,3,59,23,0,3,915,1,0,12,0,5,247,672,613,12,1,4,0,2,319,0,0,0,0,0,14,933,5014,2290,2724,5.37406216505895,84.06754772393539,83,535,11,206,95,3,871,12,29,16,0,0,5,928,5,0,0,1117,1294,945,918,143,324,29,52,4922,2240,2682,39,21,18,13,7,6,14,6,8,0,0,0,12,9,3,7,4,3,2,1,1,5,2,3,307,159,148,1598,860,738,460,258,202,152,91,61,107,59,48,30,15,15,8,7,1,0,0,0,1,1,0,302,77,225,9,5,4,4247,1893,2354,2755,1422,1333,90,35,55,1402,436,966,0,0,0,64.86931951966093,75.1188589540412,56.62701784197112,301,28,597,1,0,0,1,5,411,403,116,3
PYUTHAN,LUNG,977,3,37,1,1,0,0,0,992,0,1,0,18,4,4,0,934,29,46,10,0,0,210,809,730,46,80,7,0,20,480,1,15,3,0,3,0,1019,4669,2019,2650,4.581943081452405,76.18867924528303,762,225,7,8,17,0,886,109,14,10,0,0,0,916,100,2,1,970,1178,837,884,126,289,7,5,4532,1955,2577,65,30,35,18,9,9,20,12,8,0,0,0,15,6,9,2,0,2,6,1,5,11,6,5,214,120,94,1445,679,766,590,307,283,237,126,111,222,117,105,104,60,44,32,28,4,7,5,2,1,0,1,181,58,123,12,6,6,4073,1728,2345,2966,1466,1500,43,25,18,1064,237,827,0,0,0,72.82101644979132,84.83796296296296,63.965884861407254,426,71,444,77,0,0,0,1,70,522,427,0
PYUTHAN,MAJHAKOT,690,4,1,0,0,0,0,2,642,2,0,29,21,1,0,2,687,0,0,8,0,2,134,546,445,18,6,1,4,2,429,1,3,1,1,0,17,697,3230,1451,1779,4.634146341463414,81.56267566048342,328,364,0,0,3,2,685,2,0,8,0,0,2,688,8,0,1,691,814,592,577,97,237,2,0,3085,1372,1713,82,47,35,15,6,9,22,12,10,0,0,0,13,6,7,4,3,1,2,2,0,7,3,4,164,89,75,1067,532,535,353,189,164,147,84,63,99,55,44,31,18,13,10,10,0,1,1,0,0,0,0,49,16,33,0,0,0,2776,1208,1568,1847,953,894,29,12,17,899,243,656,1,0,1,66.53458213256485,78.8907284768212,57.01530612244898,337,169,189,0,0,0,0,2,143,541,11,2
PYUTHAN,MARANTHANA,1387,4,34,0,25,0,1,4,1150,0,1,27,269,4,0,4,1359,19,59,13,0,5,382,1063,884,107,180,15,2,25,851,1,22,3,1,8,10,1455,6285,2687,3598,4.319587628865979,74.68037798777098,830,614,0,3,4,4,1352,82,3,13,0,0,5,1403,42,0,10,1300,1622,1084,1083,190,499,26,40,6124,2601,3523,72,40,32,13,5,8,25,12,13,2,1,1,17,11,6,15,7,8,2,1,1,15,9,6,321,185,136,1818,890,928,847,381,466,325,162,163,260,130,130,146,76,70,32,17,15,9,6,3,3,2,1,206,70,136,21,10,11,5575,2339,3236,3898,1874,2024,147,64,83,1527,400,1127,3,1,2,69.91928251121077,80.11970927746901,62.54635352286774,483,732,153,81,1,0,0,5,449,772,230,4
PYUTHAN,MARKAWANG,599,0,5,0,0,0,0,2,523,0,1,44,22,14,0,2,603,0,0,1,0,2,107,485,444,31,1,0,2,2,339,0,2,0,1,0,14,606,3118,1373,1745,5.145214521452146,78.68194842406876,372,35,1,2,194,2,603,0,0,1,0,0,2,584,9,6,7,662,840,518,539,118,235,26,66,3010,1315,1695,30,22,8,12,8,4,45,21,24,0,0,0,8,2,6,8,5,3,3,0,3,2,0,2,153,83,70,1013,517,496,333,164,169,84,56,28,57,35,22,17,7,10,5,5,0,0,0,0,1,0,1,158,48,110,11,3,8,2642,1137,1505,1730,860,870,119,59,60,793,218,575,0,0,0,65.48069644208933,75.63764291996482,57.80730897009967,480,117,7,0,0,0,0,2,450,109,45,2
PYUTHAN,NARIKOT,698,1,3,2,1,1,0,0,549,1,16,136,0,4,0,0,701,2,0,3,0,0,204,502,416,56,9,1,1,1,293,0,1,0,0,1,0,706,3356,1423,1933,4.753541076487252,73.6161407139162,306,320,2,36,42,0,688,4,12,2,0,0,0,695,8,0,3,669,962,534,633,131,325,4,4,3275,1379,1896,21,10,11,10,3,7,14,10,4,2,2,0,20,12,8,5,4,1,6,2,4,3,1,2,126,69,57,1127,541,586,380,154,226,102,46,56,43,24,19,58,29,29,8,7,1,2,2,0,0,0,0,142,36,106,3,2,1,2854,1145,1709,1979,904,1075,6,1,5,869,240,629,0,0,0,69.34127540294324,78.95196506550218,62.90228203627852,336,43,325,2,0,0,0,0,135,184,387,0
PYUTHAN,NAYA GAUN,698,1,29,2,7,18,0,5,632,33,0,73,16,0,1,5,669,31,28,11,0,21,102,658,476,119,157,5,5,3,605,5,36,61,1,32,0,760,3462,1496,1966,4.5552631578947365,76.09359104781281,665,72,2,10,6,5,665,57,2,15,0,0,21,698,38,22,2,724,935,616,640,108,295,0,0,3426,1479,1947,22,11,11,1,0,1,6,2,4,0,0,0,3,2,1,2,1,1,1,0,1,1,1,0,135,72,63,1214,592,622,486,239,247,148,76,72,131,76,55,61,42,19,13,11,2,9,8,1,1,0,1,136,55,81,0,0,0,3068,1307,1761,2300,1151,1149,42,21,21,726,135,591,0,0,0,74.96740547588006,88.06426931905126,65.24701873935264,172,406,120,41,0,0,0,21,428,259,68,5
PYUTHAN,OKHARKOT,1143,2,57,0,0,0,0,0,1040,0,6,22,123,11,0,0,1088,92,20,0,0,2,177,979,856,66,238,15,7,15,676,3,18,2,1,6,46,1202,5732,2584,3148,4.768718801996672,82.0838627700127,980,192,1,10,19,0,1087,112,0,0,0,0,3,1105,92,4,1,1162,1346,984,1018,164,294,14,34,5549,2483,3066,87,52,35,19,8,11,35,19,16,3,0,3,18,11,7,10,5,5,9,5,4,2,1,1,137,85,52,1659,825,834,823,398,425,414,217,197,381,210,171,226,112,114,58,45,13,27,24,3,3,2,1,222,62,160,6,3,3,5130,2263,2867,3912,1955,1957,60,28,32,1158,280,878,0,0,0,76.25730994152048,86.389748121962,68.25950470875479,415,210,505,70,0,0,0,2,346,570,286,0
PYUTHAN,PAKALA,929,0,2,0,2,0,0,3,544,0,10,196,154,29,0,3,922,8,1,1,0,4,269,654,525,130,66,1,1,3,506,0,6,0,3,5,13,936,4622,1995,2627,4.938034188034188,75.94213932242101,668,98,0,0,167,3,919,11,2,0,0,0,4,929,6,0,1,946,1212,776,829,155,335,15,48,4516,1939,2577,39,23,16,18,10,8,19,11,8,0,0,0,6,1,5,9,4,5,0,0,0,15,7,8,192,99,93,1439,718,721,569,271,298,217,122,95,97,56,41,73,31,42,14,9,5,3,3,0,0,0,0,70,34,36,35,13,22,3998,1699,2299,2585,1293,1292,108,45,63,1300,360,940,5,1,4,64.65732866433217,76.1035903472631,56.19834710743802,538,216,174,3,0,0,1,4,33,534,367,2
PYUTHAN,PHOPLI,1529,3,0,2,0,0,1,2,1411,0,0,63,35,21,5,2,1410,3,8,105,7,4,483,1025,917,43,3,1,1,7,470,1,5,1,1,2,29,1537,7760,3503,4257,5.048796356538712,82.28799624148462,385,597,1,99,453,2,1401,12,12,91,0,16,5,1516,19,2,0,1659,2002,1292,1165,328,707,39,130,7500,3378,4122,136,71,65,27,12,15,42,17,25,6,3,3,20,8,12,15,8,7,9,6,3,5,0,5,364,210,154,2502,1317,1185,519,303,216,164,111,53,156,95,61,61,42,19,13,12,1,2,1,1,0,0,0,144,75,69,7,1,6,6550,2892,3658,3577,1972,1605,194,89,105,2778,830,1948,1,1,0,54.61068702290076,68.1881051175657,43.87643521049754,820,121,577,11,4,0,0,4,721,374,440,2
PYUTHAN,PUJA,1082,3,0,0,0,0,0,2,880,0,0,131,36,38,0,2,1076,3,0,6,0,2,360,700,646,8,5,0,0,0,319,0,0,1,0,0,27,1087,5135,2293,2842,4.724011039558418,80.68261787473611,85,613,0,217,170,2,1070,3,3,9,0,0,2,1064,15,3,5,1076,1306,864,895,211,407,1,4,4891,2171,2720,108,55,53,32,12,20,57,29,28,4,2,2,20,11,9,7,2,5,5,4,1,11,7,4,188,86,102,1632,854,778,451,227,224,114,75,39,111,70,41,28,21,7,6,4,2,7,5,2,3,3,0,122,65,57,6,1,5,4356,1903,2453,2523,1345,1178,64,27,37,1759,528,1231,10,3,7,57.92011019283747,70.67787703625854,48.022829188748474,545,20,519,0,0,0,0,3,395,384,306,2
PYUTHAN,PYTHAN KHALANGA,1064,9,438,1,10,1,10,3,1425,0,17,12,46,32,1,3,1330,157,31,8,4,6,138,1391,1101,155,652,105,40,152,1231,4,71,13,4,78,7,1536,5860,2601,3259,3.8151041666666665,79.8097575943541,1399,132,0,0,2,3,1326,192,1,10,0,1,6,1214,271,39,12,1010,1181,862,815,140,353,8,13,5653,2508,3145,72,31,41,29,15,14,22,13,9,6,3,3,28,12,16,20,11,9,8,3,5,22,5,17,179,88,91,1460,775,685,859,373,486,410,197,213,520,274,246,328,159,169,125,99,26,47,42,5,1,0,1,144,39,105,1,1,0,5218,2269,2949,3984,2006,1978,201,70,131,1032,193,839,1,0,1,76.35109237255654,88.40899074482151,67.07358426585284,156,905,309,159,0,0,0,7,200,884,449,3
PYUTHAN,RAJBARA,841,0,2,0,0,0,0,2,792,0,1,13,32,5,0,2,815,2,6,19,0,3,250,511,469,7,0,0,0,1,246,1,3,0,0,0,84,845,5093,2282,2811,6.027218934911242,81.18107435076485,177,107,0,173,386,2,822,7,10,3,0,0,3,827,12,0,6,1095,1315,846,798,227,491,22,26,4966,2205,2761,57,36,21,12,7,5,19,10,9,3,1,2,10,7,3,10,4,6,0,0,0,16,12,4,315,148,167,1451,830,621,383,238,145,97,56,41,97,62,35,18,14,4,4,3,1,1,1,0,1,0,1,648,223,425,4,1,3,4325,1925,2400,2969,1552,1417,41,19,22,1304,347,957,11,7,4,68.64739884393065,80.62337662337661,59.04166666666667,487,26,324,5,0,0,0,3,52,776,15,2
PYUTHAN,RAMDI,507,0,8,0,1,8,0,1,360,0,26,72,61,4,0,2,506,12,5,0,0,2,73,411,292,63,90,6,0,6,333,2,17,7,1,9,41,525,2434,1079,1355,4.636190476190476,79.6309963099631,445,60,0,0,18,2,504,17,0,2,0,0,2,506,11,8,0,513,614,395,384,95,180,23,50,2387,1056,1331,20,8,12,5,3,2,6,2,4,0,0,0,7,3,4,8,6,2,0,0,0,1,1,0,56,32,24,787,409,378,353,179,174,196,108,88,77,42,35,30,23,7,8,5,3,0,0,0,0,0,0,14,8,6,2,1,1,2173,943,1230,1472,776,696,89,40,49,612,127,485,0,0,0,67.74045098941556,82.29056203605515,56.58536585365853,225,235,54,9,0,0,0,2,322,185,16,2
PYUTHAN,RUSPUR KOT,759,0,8,0,11,0,0,0,707,1,1,22,12,35,0,0,773,1,1,1,1,1,147,631,528,53,184,7,3,5,500,0,9,2,1,11,0,778,3373,1382,1991,4.33547557840617,69.4123556002009,682,92,1,1,2,0,769,4,1,1,0,2,1,765,7,2,4,646,897,566,674,78,221,2,2,3290,1337,1953,22,13,9,13,11,2,17,6,11,0,0,0,14,9,5,3,1,2,3,1,2,11,4,7,110,55,55,1094,509,585,506,216,290,236,115,121,140,54,86,60,34,26,17,12,5,1,1,0,0,0,0,178,57,121,3,2,1,2996,1186,1810,2285,1030,1255,45,20,25,666,136,530,0,0,0,76.26835781041389,86.84654300168634,69.33701657458563,243,352,180,2,0,0,0,1,103,562,113,0
PYUTHAN,SARI,848,0,1,0,1,0,0,0,679,1,25,7,49,87,2,0,842,2,1,4,0,1,117,729,613,255,114,10,11,2,660,0,3,7,0,3,4,850,3594,1409,2185,4.228235294117647,64.48512585812357,596,49,0,104,101,0,829,11,1,6,0,0,3,844,2,1,3,692,977,592,679,82,251,18,47,3459,1347,2112,48,19,29,28,13,15,21,9,12,3,1,2,9,7,2,8,4,4,8,3,5,10,6,4,99,54,45,1098,480,618,490,207,283,175,79,96,129,65,64,65,37,28,10,7,3,3,2,1,0,0,0,223,75,148,7,6,1,3137,1149,1988,2278,1002,1276,88,31,57,767,115,652,4,1,3,72.61715014344917,87.20626631853786,64.1851106639839,399,382,66,1,0,0,0,2,243,506,101,0
PYUTHAN,SWARGADWARIKHAL,1033,2,18,1,2,0,0,2,700,0,39,260,40,16,1,2,1030,5,1,2,0,20,205,791,720,23,0,2,12,6,480,1,9,0,0,0,62,1058,4887,2132,2755,4.619092627599244,77.38656987295826,48,55,5,596,352,2,1025,7,5,0,0,0,21,996,40,0,22,998,1349,679,781,275,459,44,109,4816,2088,2728,32,22,10,8,4,4,11,8,3,4,3,1,7,2,5,3,2,1,1,1,0,5,2,3,84,44,40,1558,772,786,385,199,186,112,56,56,82,61,21,30,14,16,9,9,0,2,1,1,0,0,0,294,104,190,15,9,6,4197,1791,2406,2490,1225,1265,210,100,110,1496,465,1031,1,1,0,59.32809149392423,68.39754327191513,52.57689110556941,894,140,1,1,1,0,0,21,5,544,507,2
PYUTHAN,SYAULIWANG,631,3,0,0,0,0,0,2,542,1,0,8,83,0,0,2,579,2,0,53,0,2,155,425,399,20,0,0,0,0,308,0,0,0,0,0,56,636,3584,1614,1970,5.635220125786163,81.92893401015229,457,155,2,1,19,2,586,0,22,25,1,0,2,622,10,0,4,783,953,536,436,240,502,7,15,3501,1573,1928,31,13,18,3,0,3,17,9,8,0,0,0,12,8,4,16,9,7,2,2,0,2,0,2,116,57,59,1114,584,530,233,139,94,79,58,21,54,34,20,27,21,6,3,3,0,4,4,0,0,0,0,17,6,11,4,1,3,3086,1364,1722,1588,876,712,29,9,20,1469,479,990,0,0,0,51.458198314970836,64.22287390029325,41.347270615563296,367,50,212,1,0,0,0,6,274,164,196,2
PYUTHAN,TIRAM,1109,0,1,0,0,0,0,12,873,2,3,176,38,17,1,12,1105,2,0,4,0,11,198,885,718,94,13,4,0,9,682,0,0,1,0,0,39,1122,5907,2617,3290,5.264705882352941,79.54407294832826,807,82,1,17,203,12,1103,3,1,4,0,0,11,1088,20,5,9,1259,1609,931,927,274,559,54,123,5802,2560,3242,31,18,13,20,7,13,25,15,10,1,0,1,10,8,2,9,6,3,5,2,3,4,1,3,163,90,73,1751,895,856,662,352,310,225,145,80,116,71,45,42,30,12,13,11,2,3,3,0,2,0,2,315,123,192,80,37,43,5060,2182,2878,3300,1719,1581,167,59,108,1593,404,1189,0,0,0,65.21739130434783,78.78093492208983,54.933981931897144,889,210,11,0,0,0,0,12,828,151,131,12
PYUTHAN,TORWANG,929,3,4,0,1,0,0,0,763,0,0,28,142,4,0,0,903,20,12,2,0,0,243,689,581,41,120,6,4,8,495,1,9,2,0,0,5,937,4323,1843,2480,4.613660618996798,74.31451612903226,663,270,0,3,1,0,906,29,0,2,0,0,0,925,7,0,5,856,1108,744,797,107,303,5,8,4156,1758,2398,88,38,50,22,13,9,29,16,13,0,0,0,7,4,3,16,11,5,2,1,1,3,2,1,105,56,49,1159,560,599,641,274,367,258,128,130,186,89,97,98,43,55,27,24,3,4,2,2,2,1,1,149,60,89,7,3,4,3861,1601,2260,2618,1232,1386,60,30,30,1182,339,843,1,0,1,67.80626780626781,76.95190505933792,61.32743362831859,441,229,243,24,0,0,0,0,408,383,146,0
PYUTHAN,TUSARA,1191,0,0,0,0,0,0,2,1135,0,2,5,45,4,0,2,1189,1,1,0,0,2,163,892,714,65,56,3,1,2,638,0,1,0,0,0,138,1193,5771,2455,3316,4.837384744341995,74.03498190591074,842,347,0,2,0,2,1185,4,1,1,0,0,2,1185,7,0,1,1158,1560,977,1151,139,342,42,67,5656,2393,3263,48,31,17,7,3,4,17,9,8,0,0,0,30,11,19,9,4,5,1,1,0,3,3,0,220,107,113,1696,802,894,676,302,374,277,147,130,285,162,123,121,78,43,14,13,1,7,6,1,1,0,1,216,96,120,9,4,5,5038,2098,2940,3457,1686,1771,89,39,50,1492,373,1119,0,0,0,68.61849940452561,80.36224976167779,60.238095238095234,574,74,541,2,0,0,0,2,347,523,321,2
PYUTHAN,WANGEMAROT,1003,0,1,0,0,0,0,0,754,0,1,37,211,1,0,0,989,9,1,5,0,0,204,800,674,68,71,2,2,1,516,2,6,2,1,0,0,1004,4659,1990,2669,4.640438247011952,74.5597602098164,349,247,4,236,168,0,976,23,2,3,0,0,0,985,15,0,4,993,1191,871,886,120,292,2,13,4506,1911,2595,66,34,32,19,10,9,27,15,12,0,0,0,12,7,5,14,5,9,9,4,5,6,4,2,126,63,63,1511,768,743,618,269,349,250,132,118,225,93,132,72,43,29,10,9,1,0,0,0,1,1,0,207,42,165,14,5,9,4077,1710,2367,3003,1411,1592,43,14,29,1030,285,745,1,0,1,73.65710080941868,82.51461988304094,67.2581326573722,404,157,436,7,0,0,0,0,130,225,649,0
